Year,Pakistan
2014,57.05171583
2015,57.02067863
2016,60.80878111
2017,60.85596104
2018,64.81953026
2019,77.50451766
